{"mean":{"confidence_interval":{"confidence_level":0.95,"lower_bound":15940855.950000001,"upper_bound":18551891.09375},"point_estimate":17147615.75,"standard_error":666632.197039915},"median":{"confidence_interval":{"confidence_level":0.95,"lower_bound":14262462.5,"upper_bound":15978325.0},"point_estimate":15252087.5,"standard_error":448230.567297554},"median_abs_dev":{"confidence_interval":{"confidence_level":0.95,"lower_bound":2439043.7491983175,"upper_bound":4701936.089023948},"point_estimate":3620268.2132273912,"standard_error":563987.1488354556},"slope":null,"std_dev":{"confidence_interval":{"confidence_level":0.95,"lower_bound":4137305.1211258154,"upper_bound":9284928.49601793},"point_estimate":6690766.9721463,"standard_error":1376891.9545924251}}