{"mean":{"confidence_interval":{"confidence_level":0.95,"lower_bound":213374.93019101734,"upper_bound":235750.67466349516},"point_estimate":223451.85047692468,"standard_error":5744.053631155615},"median":{"confidence_interval":{"confidence_level":0.95,"lower_bound":200363.908045977,"upper_bound":207579.26829268291},"point_estimate":205004.60508701473,"standard_error":1961.8152132655825},"median_abs_dev":{"confidence_interval":{"confidence_level":0.95,"lower_bound":10133.50196870117,"upper_bound":21511.46845983427},"point_estimate":16638.343241347713,"standard_error":2942.968851456229},"slope":{"confidence_interval":{"confidence_level":0.95,"lower_bound":210393.70027281338,"upper_bound":225083.47014673654},"point_estimate":216994.54304714053,"standard_error":3759.2182582087175},"std_dev":{"confidence_interval":{"confidence_level":0.95,"lower_bound":32879.519715345705,"upper_bound":82860.88664719928},"point_estimate":57752.34861094457,"standard_error":13963.613646283526}}