{"mean":{"confidence_interval":{"confidence_level":0.95,"lower_bound":9606894.185,"upper_bound":11192576.025},"point_estimate":10379690.6,"standard_error":403854.446515881},"median":{"confidence_interval":{"confidence_level":0.95,"lower_bound":9013770.0,"upper_bound":10454560.0},"point_estimate":9572100.0,"standard_error":361565.3338913687},"median_abs_dev":{"confidence_interval":{"confidence_level":0.95,"lower_bound":1985616.4927482605,"upper_bound":3797370.3398331995},"point_estimate":2570487.356364727,"standard_error":442282.82332040346},"slope":null,"std_dev":{"confidence_interval":{"confidence_level":0.95,"lower_bound":3264175.825028823,"upper_bound":4770115.026324724},"point_estimate":4062703.182958334,"standard_error":384355.8434515336}}