{"mean":{"confidence_interval":{"confidence_level":0.95,"lower_bound":864.2622931812334,"upper_bound":932.0192732185188},"point_estimate":895.8905730342824,"standard_error":17.30817015443942},"median":{"confidence_interval":{"confidence_level":0.95,"lower_bound":836.3502943022463,"upper_bound":888.6854538237968},"point_estimate":872.3394335030891,"standard_error":10.934671998109065},"median_abs_dev":{"confidence_interval":{"confidence_level":0.95,"lower_bound":81.02873313099231,"upper_bound":142.25066261066445},"point_estimate":100.60318906266376,"standard_error":14.628292152060038},"slope":{"confidence_interval":{"confidence_level":0.95,"lower_bound":854.6256098142512,"upper_bound":992.5976609245907},"point_estimate":915.0456489555883,"standard_error":35.75047022177844},"std_dev":{"confidence_interval":{"confidence_level":0.95,"lower_bound":110.75050697468414,"upper_bound":236.36974820923933},"point_estimate":173.73104230127765,"standard_error":32.959891218165275}}