{"mean":{"confidence_interval":{"confidence_level":0.95,"lower_bound":16.988446851276308,"upper_bound":18.482523924053847},"point_estimate":17.712858656096238,"standard_error":0.3810146995449695},"median":{"confidence_interval":{"confidence_level":0.95,"lower_bound":16.29855202517061,"upper_bound":18.059723224573},"point_estimate":17.077193372869534,"standard_error":0.4571936656222394},"median_abs_dev":{"confidence_interval":{"confidence_level":0.95,"lower_bound":2.571463733959097,"upper_bound":4.1147261397318395},"point_estimate":3.5238704875289,"standard_error":0.38607067012395907},"slope":{"confidence_interval":{"confidence_level":0.95,"lower_bound":17.63453427880378,"upper_bound":19.046347126415554},"point_estimate":18.30908023556823,"standard_error":0.3595529967569078},"std_dev":{"confidence_interval":{"confidence_level":0.95,"lower_bound":3.048202389822442,"upper_bound":4.59635779476345},"point_estimate":3.8390148437657077,"standard_error":0.3965048785039983}}