{
  "timestamp": "2025-12-17T11:24:03.654Z",
  "runs": 10,
  "dx": {
    "avgTime": 24.640710000000006,
    "minTime": 17.740400000000022,
    "maxTime": 74.50540000000001,
    "size": 1140,
    "valid": true
  },
  "bun": {
    "avgTime": 56.18471999999999,
    "minTime": 45.42610000000002,
    "maxTime": 78.78769999999997,
    "size": 516,
    "valid": true
  },
  "speedup": 2.28
}